{"cameraMode":{"drawMode":0,"name":"Shaded","section":"Shading Mode"},"sceneLighting":false,"audioPlay":false,"sceneViewState":{"showFog":true,"showMaterialUpdate":false,"showSkybox":false,"showFlares":true,"showImageEffects":true,"showParticleSystems":true},"in2DMode":false,"pivot":{"x":-1.3096122741699219,"y":0.6410942077636719,"z":6.268948554992676},"rotation":{"x":-0.3449414372444153,"y":0.48426997661590578,"z":-0.21546682715415955,"w":-0.7747499346733093},"size":27.977584838867189,"orthographic":false}