{"cameraMode":{"drawMode":0,"name":"Shaded","section":"Shading Mode"},"sceneLighting":false,"audioPlay":false,"sceneViewState":{"showFog":true,"showMaterialUpdate":false,"showSkybox":false,"showFlares":true,"showImageEffects":true,"showParticleSystems":true},"in2DMode":false,"pivot":{"x":53.932228088378909,"y":19.63093376159668,"z":6.242520332336426},"rotation":{"x":-0.11388517171144486,"y":-0.445573627948761,"z":0.05724530667066574,"w":-0.886141836643219},"size":1.8426464796066285,"orthographic":false}