{"cameraMode":{"drawMode":0,"name":"Shaded","section":"Shading Mode"},"sceneLighting":false,"audioPlay":false,"sceneViewState":{"showFog":true,"showMaterialUpdate":false,"showSkybox":false,"showFlares":true,"showImageEffects":true,"showParticleSystems":true},"in2DMode":false,"pivot":{"x":5.834785461425781,"y":4.466056823730469,"z":19.554691314697267},"rotation":{"x":-0.31375929713249209,"y":0.36202481389045718,"z":-0.130762979388237,"w":-0.8680450916290283},"size":60.92902374267578,"orthographic":false}