{"cameraMode":{"drawMode":0,"name":"Shaded","section":"Shading Mode"},"sceneLighting":false,"audioPlay":false,"sceneViewState":{"showFog":true,"showMaterialUpdate":false,"showSkybox":false,"showFlares":true,"showImageEffects":true,"showParticleSystems":true},"in2DMode":false,"pivot":{"x":-4.223245620727539,"y":5.529060363769531,"z":12.467292785644532},"rotation":{"x":0.33047521114349368,"y":-0.29686108231544497,"z":0.11024987697601319,"w":0.889201283454895},"size":23.184091567993165,"orthographic":false}