{"cameraMode":{"drawMode":0,"name":"Shaded","section":"Shading Mode"},"sceneLighting":false,"audioPlay":false,"sceneViewState":{"showFog":true,"showMaterialUpdate":false,"showSkybox":false,"showFlares":true,"showImageEffects":true,"showParticleSystems":true},"in2DMode":false,"pivot":{"x":-38.599998474121097,"y":-33.29999923706055,"z":41.099998474121097},"rotation":{"x":0.42951443791389468,"y":-0.4048970639705658,"z":0.2243172526359558,"w":0.7755307555198669},"size":12.369317054748536,"orthographic":false}