{"cameraMode":{"drawMode":0,"name":"Shaded","section":"Shading Mode"},"sceneLighting":false,"audioPlay":false,"sceneViewState":{"showFog":true,"showMaterialUpdate":false,"showSkybox":false,"showFlares":true,"showImageEffects":true,"showParticleSystems":true},"in2DMode":false,"pivot":{"x":14.633342742919922,"y":-15.437092781066895,"z":31.432716369628908},"rotation":{"x":-0.25868988037109377,"y":-0.19482006132602693,"z":0.05343836173415184,"w":-0.9446561336517334},"size":24.49005699157715,"orthographic":false}