{"cameraMode":{"drawMode":0,"name":"Shaded","section":"Shading Mode"},"sceneLighting":false,"audioPlay":false,"sceneViewState":{"showFog":true,"showMaterialUpdate":false,"showSkybox":false,"showFlares":true,"showImageEffects":true,"showParticleSystems":true},"in2DMode":false,"pivot":{"x":-12.220001220703125,"y":5.479999542236328,"z":31.43000030517578},"rotation":{"x":0.21267759799957276,"y":-0.40289804339408877,"z":0.09675530344247818,"w":0.88502037525177},"size":60.74894714355469,"orthographic":false}