{"cameraMode":{"drawMode":0,"name":"Shaded","section":"Shading Mode"},"sceneLighting":false,"audioPlay":false,"sceneViewState":{"showFog":true,"showMaterialUpdate":false,"showSkybox":false,"showFlares":true,"showImageEffects":true,"showParticleSystems":true},"in2DMode":false,"pivot":{"x":16.13621711730957,"y":8.549999237060547,"z":-44.06999969482422},"rotation":{"x":-0.11388517171144486,"y":-0.445573627948761,"z":0.05724530667066574,"w":-0.886141836643219},"size":13.9114408493042,"orthographic":false}