{"cameraMode":{"drawMode":0,"name":"Shaded","section":"Shading Mode"},"sceneLighting":false,"audioPlay":false,"sceneViewState":{"showFog":true,"showMaterialUpdate":false,"showSkybox":false,"showFlares":true,"showImageEffects":true,"showParticleSystems":true},"in2DMode":false,"pivot":{"x":995.811767578125,"y":962.9052734375,"z":960.74609375},"rotation":{"x":0.382046103477478,"y":0.17060649394989015,"z":-0.07218177616596222,"w":0.9054506421089172},"size":60.781002044677737,"orthographic":false}