{"cameraMode":{"drawMode":0,"name":"Shaded","section":"Shading Mode"},"sceneLighting":false,"audioPlay":false,"sceneViewState":{"showFog":true,"showMaterialUpdate":false,"showSkybox":false,"showFlares":true,"showImageEffects":true,"showParticleSystems":true},"in2DMode":false,"pivot":{"x":-5.5315046310424809,"y":-5.085651397705078,"z":-9.397727966308594},"rotation":{"x":0.04216546192765236,"y":-0.9580203294754028,"z":0.19997882843017579,"w":0.20146134495735169},"size":22.653202056884767,"orthographic":false}